ticker,price,wacc,dcf_value_per_share,dcf_upside,comps_value_per_share,comps_upside
XOM,153.04,0.04807713006164434,320.6920293789901,1.095478498294499,310.00718529188697,1.025661168922419
UNH,407.08,0.0662868013012364,545.9671088083508,0.34117890539537865,471.68991410699385,0.15871552055368454
PG,145.79,0.0570403524248241,167.40286699803352,0.14824656696641414,195.2487644497384,0.3392466180790068
JNJ,259.24,0.05067302898044234,296.2502121539319,0.14276428079745362,268.727148675057,0.0365960063071169
AAPL,313.33,0.09330753409354782,148.66103258819467,-0.5255448485998957,221.55460763494602,-0.2929033043917083
KO,87.05,0.055239929561747315,38.868802272828205,-0.5534887734310372,70.0892239368655,-0.19483947229333143
GOOGL,354.3,0.10015903433927409,97.53787565260964,-0.7247025807151859,592.7775510292647,0.6730949789140974
NVDA,223.96,0.15048782123716595,24.121448400329946,-0.8922957295930972,134.11181332204302,-0.40117961545792546
MSFT,499.99,0.09309065877759073,39.72969214303293,-0.9205390264944641,499.99001445427945,2.8909137084198733e-08
JPM,357.52,0.0599476557481035,,,,
